B&W,M1,191,B00BK7PNIG
B&W,P5 S2,254,B00NOOWVCE
B&W,P5 WIRELESS/ BLUETOOTH,339,B00Y0Q9LFU
B&W,ZEPPELIN WIRELESS,594,B016JZZBPS
B&W,T7,296,B00OLE9606
B&W,MM1,424,B003II3BM0
Denon,DCD-520AE,194,B007Y3OBOC 
Denon,DCD-520AE,194,B007Y3OBUG
Denon,DCD-720AE,296,B007Y3OC0K
Denon,DCD-720AE,296,B007Y3OC50
Denon,DCD-1520AE,1189,B00ENI4QJG 
Denon,DCD-1520AE,1189,B00ENI4QTQ
Denon,PMA-520AE,211,B007Y3OBAQ 
Denon,PMA-520AE,211,B007Y3OBF6
Denon,PMA-720AE,296,B007Y3OBIS 
Denon,PMA-720AE,296,B007Y3OBKQ
Denon,PMA-1520AE,1189,B00EUV4YRK 
Denon,PMA-1520AE,1189,B00EUV4YJI
Denon,AVR-X1300W,509,B01GQ85GW6
Denon,AVR-X2300W,636,B01GQ85GLW
Denon,AVR-X3300W,934,B01GQ85GIU
Denon,AVR-X4200W,1359,B00ZGYE8DA 
Denon,AVR-X4200W,1359,B00ZGYE9UW
Denon,AVR-X5200W,1869,B00N3340ZM
Denon,AVR-X6200W,2124,B017K5OTQS 
Denon,AVR-X6200W,2124,B017XGC0YW
Pro-ject,ELEMENTAL,186,B00EL6RHQO
Pro-ject,ELEMENTAL PHONO USB,228,B00FZ6B9Z4
Pro-ject,PRIMARY,211,B00XCTJBVK 
Pro-ject,PRIMARY,211,B00XHMI352
Pro-ject,PRIMARY PHONO USB,254,B01FXT5XEK
Pro-ject,ESSENTIAL II,233,B00DKSUHO8 
Pro-ject,ESSENTIAL II,233,B00DKSUGOO 
Pro-ject,ESSENTIAL II,233,B00DKSUH52
Pro-ject,ESSENTIAL II PHONO USB,296,B00DKSUGWQ 
Pro-ject,ESSENTIAL II PHONO USB,296,B00DKSUI42 
Pro-ject,ESSENTIAL II PHONO USB,296,B00DKSUHHK
Pro-ject,ESSENTIAL II DIGITAL,339,B013LRJEFK 
Pro-ject,ESSENTIAL II DIGITAL,339,B013LRQFPC
Pro-ject,DEBUT CARBON,267,B00HG07942
Pro-ject,DEBUT CARBON DC,301,B00HG078IO
Pro-ject,DEBUT CARBON DC 2M RED,339,B00IIMXATU 
Pro-ject,DEBUT CARBON DC 2M RED,339,B00IIMXATUB00IIMXA4U
Pro-ject,DEBUT CARBON PHONO USB,339,B0080D9WJY 
Pro-ject,DEBUT CARBON PHONO USB,339,B0087ORBN0
Pro-ject,DEBUT CARBON DC PHONO USB,381,B00I5HZ438 
Pro-ject,DEBUT CARBON DC PHONO USB,381,B00I5HZ2QM 
Pro-ject,DEBUT CARBON DC PHONO USB,381,B00I5HZ3F2
Pro-ject,DEBUT CARBON DC ESPRIT,381,B00HG07ENI 
Pro-ject,DEBUT CARBON DC ESPRIT,381,B00A8EZAU8
Pro-ject,DEBUT CARBON DC ESPRIT SB,424,B00AWB6C22 
Pro-ject,DEBUT CARBON DC ESPRIT SB,424,B00AWB6BM8